l,meal_type,dining_course,menu,calories,ingredients,Contains
day6,breakfast,Breakfast/Grill,Pork Breakfast Sausage Patty,170 (1 patty),"Pork, Water, Salt, Spices, Dextrose, Sugar",Pork
day6,breakfast,Breakfast/Grill,Cage Free Scrambled Eggs,105 (1/2 cup),eggs,
day6,breakfast,Breakfast/Grill,House Fries,98 (3 oz),"Potatoes(Ingredients: Diced Potatoes, Dextrose, Potassium Sorbate, Disodium Pyrophosphate.), Onion, Spanish, Diced(Onions), Olive Oil, Kosher Salt, Spanish Paprika(Ingredients: Paprika, Silicon Dioxide.), Ground Black Pepper",
day6,breakfast,Breakfast/Grill,JustEgg Folded,100 (1 piece),"Water, Mung Bean Protein Isolate, Expeller-Pressed Canola Oil, Corn Starch, Baking Powder (Sodium Acid Pyrophosphate, Sodium Bicarbonate, Corn Starch, Monocalcium Phosphate), Dehydrated Garlic, Dehydrated Onion, Natural Carrot Extractives, Natural Turmeric Extractives, Salt, Transglutaminase.",
day6,breakfast,Breakfast/Grill,Cage Free Fried Egg,63 (1 egg),"Fresh Cage Free Medium Eggs, Kosher Salt",Eggs
day6,breakfast,Breakfast/Grill,Cage Free Hard Boiled Egg,72 (1 egg),Fresh Cage Free Medium Eggs,Eggs
day6,breakfast,Breakfast/Grill,English Muffin,120 (1 muffin),"Enriched Flour (Wheat Flour, Malted Barley Flour, Niacin, Reduced Iron, Thiamine Mononitrate, Riboflavin, folic Aicd), Water, Yeast, High Fructose Corn Syrup, Contains less than 2% of each of the following: Yellow Corn Meal, Soybean Oil, Caclium Propionate and/or Potassium Sorbate (preservative), Baking soda, Fumeric Acid, Salt, Calcium Sulfate, Ammonium Sulfate. ","Gluten, Soy, Wheat"
day6,breakfast,Breakfast/Grill,Chicken Sausage Patty,80 (1 patty),"Chicken, Water, Salt, Spices, Dextrose, Sugar, Dried Parsley",
day6,breakfast,Breakfast/Grill,White American Cheese,47 (1 slice),"Cultured Pastuerized Milk and Skim Milk, Cream, Water, Salt, Sodium Citrate, Contains less than 2% of milk protein concentrate, milkfat, lactic acid, sorbic acid (preservative), sodium phosphate, enzymes, soy lecithin, and soybean oil blend","Dairy, Soy"
day6,breakfast,Breakfast/Grill,Avocado,45 (1 oz),avocado,
day6,breakfast,Breakfast/Grill,Tomato,3 (1 slice),tomato,
day6,breakfast,Breakfast/Grill,Maine Rolled Oats,202 (1 cup),"Water, Maine Rolled Oats (Ingredients: Locally Sourced Organic Rolled Oats.), Sea Salt",
day6,breakfast,Breakfast/Grill,Grits,21 (1 cup),"Degerminated White Corn Grits, Calcium Carbonate, Reduced Iron, Niacinamide, BHT, Citric Acid, Thiamin Mononitrate, Riboflavin, Folic Acid",
day6,breakfast,Breakfast/Grill,Peaches,68 (1/2 cup),peaches,
day6,breakfast,Breakfast/Grill,Mango Chunks,46 (1/2 cup),mango,
day6,breakfast,Breakfast/Grill,Greek Yogurt,64 (1/2 cup),"Nonfat yogurt (cultured pasteurized nonfat milk). Contains Live and Active Cultures: S. Thermophilus, L. Bulgaricus, L. Acidophilus, Bifidus and L. Casei",dairy
day6,breakfast,Breakfast/Grill,Vanilla Yogurt,113 (1/2 cup),"Cultured Grade A Low Fat Milk, Sugar, Modified Corn Starch, Corn Starch, Potassium Sorbate, Natural Flavor, Vitamin A Acetate, Vitamin D3",dairy
day6,breakfast,Breakfast/Grill,Soy Yogurt,18 (1 ounce),"Soy Milk (Filtered Water, Soybeans), Cane Sugar, Corn Starch, Natural Flavor, Pectin, Tricalcium Phosphate, Citric Acid, Dipotassium Phosphate, Sea Salt, Live and Active Cultures, Vitamin D2, Vitamin C Ester, Mixed Tocopherols.",soy
day6,breakfast,Breakfast/Grill,Blueberry Vanilla Granola,203 (1/2 cup),"organic oats, organic agave nectar, organic dried sweetened blueberries (organic blueberries, organic high oleic sunflower oil, organic cane sugar), organic oat bran, organic vanilla and sea salt. Created in a facility that uses peanuts, tree nuts, wheat and soy",gluten
day6,breakfast,Pastry Selection,Val's Cider Donut,,,
day6,breakfast,Pastry Selection,Vegan GF Apple Cider Muffin,,,
day7,breakfast,Breakfast/Grill,Cage Free Scrambled Eggs,105 (1/2 cup),eggs,
day7,breakfast,Breakfast/Grill,Tofu Scramble,145 (4 oz portion),"Tofu(Ingredients: Water, Organic Whole Soybeans, Magnesium Chloride.), Olive Oil, Water, Sea Salt, Nutritional Yeast(Dried yeast, niacin, pyridoxine, hydrochloride (B6), riboflavin (B2), thiamin, hydrochloride (B1), folic acid, vitamin B12.), Tumeric, Ground Black Pepper",soy
day7,breakfast,Breakfast/Grill,Cage Free Hard Boiled Egg,72 (1 egg),Fresh Cage Free Medium Eggs,Eggs
day7,breakfast,Breakfast/Grill,Belgian Waffles,180 (1 waffle),"Water, Wheat Flour, Grapeseed Oil, Whole Eggs, Malt Extract, Whole Milk Powder, Leavening (Monocalcium Phosphate, Baking Soda), Salt, Artificial Vanilla Flavor","Dairy, Eggs, Gluten, Soy, Wheat"
day7,breakfast,Breakfast/Grill,Turkey Sausage Link,35 (1 link),"Turkey, Water, Potato Starch, Dextrose, Sugar, Salt, Potassium Chloride, Spices.",
day7,breakfast,Breakfast/Grill,Grilled Ham Steak,38 (1 slice),"Sweet Sliced Ham(Ingredients: Sweet Ham (Pork Water, Sugar, Sodium Phosphate, Cultured Celery Powder, Natural Flavor, Sea Salt).)",pork
day7,breakfast,Breakfast/Grill,Hash browns,60 (1/2 cup),"Potatoes, Dextrose, Potassium Sorbate, Disodium Pyrophosphate",
day7,breakfast,Breakfast/Grill,Maine Rolled Oats,202 (1 cup),"Water, Maine Rolled Oats(Ingredients: Locally Sourced Organic Rolled Oats.), Sea Salt",
day7,breakfast,Breakfast/Grill,Grits,21 (1 cup),"Degerminated White Corn Grits, Calcium Carbonate, Reduced Iron, Niacinamide, BHT, Citric Acid, Thiamin Mononitrate, Riboflavin, Folic Acid",
day7,breakfast,Breakfast/Grill,Pure Maple Syrup,208 (1/4 cup),Pure Maple Syrup,
day7,breakfast,Pastry Selection,white rice,107 (1/2 cup),"Water, Jasmine Rice",
day7,breakfast,Pastry Selection,Cheese Danish,170 (1 danish),"CHEESE FILLING [CREAM CHEESE ((MILK FAT, NONFAT MILK, BACTERIAL CULTURE, SALT, GUAR GUM, LOCUST BEAN GUM) WHEY), SUGAR, EGGS, WATER, MODIFIED CORN STARCH, GLUCONO-DELTA-LACTONE, NATURAL FLAVOR, LEMON JUICE CONCENTRATE], ENRICHED UNBLEACHED FLOUR (WHEAT FLOUR, NIACINE, REDUCED IRON, THIAMIN MONONITRATE, RIBOFLAVIN, FOLIC ACID), BUTTER (CREAM), WATER, EGGS, YEAST, SUGAR, SALT, MILK, WHEAT GLUTEN, ASCORBIC ACID, FOOD ENZYMES (XYLANASE, AMYLASE","Dairy, Eggs, Gluten, Soy, Wheat"
day7,breakfast,Pastry Selection,Vegan GF Blueberry Muffin,107 (1 muffin),"Gluten Free Flour(ingredients: Sweet White Rice Flour, Whole Grain Brown Rice Flour, Potato Starch, Whole Grain Sweet White Sorghum Flour, Tapioca Flour, Xanthan Gum), Hemp Milk(Ingredients: Hemp Nut Base (Filtered Water, Hemp Nut [Shelled Hemp Seed}, Vanilla Extract, Sunflower Lecithin, Tricalcium Phosphate, Gellan Gum, Sea Salt, Vitamin A Palmitate, Vitamin D2, Riboflavin, Vitamin B12)), Sugar, Canola Oil, Pineapple, Baking Powder(Ingredients: Baking Soda (for leavening), Cornstarch, Sodium Aluminum Sulfate (for leavening), Calcium Sulfate, Monocalcium Phosphate (for leavening).), Salt, Vanilla Paste(Ingredients: Pure Vanilla Extratives, Sugar, Vanilla Beans,Xanthan Gum)",
day8,breakfast,Breakfast/Grill,Chicken Sausage Patty,80 (1 patty),"Chicken, Water, Salt, Spices, Dextrose, Sugar, Dried Parsley",
day8,breakfast,Breakfast/Grill,Cage Free Fried Egg,63 (1 egg),"Fresh Cage Free Medium Eggs, Kosher Salt",Eggs
day8,breakfast,Breakfast/Grill,Cage Free Scrambled Eggs,105 (1/2 cup),eggs,
day8,breakfast,Breakfast/Grill,JustEgg Folded,100 (1 piece),"Water, Mung Bean Protein Isolate, Expeller-Pressed Canola Oil, Corn Starch, Baking Powder (Sodium Acid Pyrophosphate, Sodium Bicarbonate, Corn Starch, Monocalcium Phosphate), Dehydrated Garlic, Dehydrated Onion, Natural Carrot Extractives, Natural Turmeric Extractives, Salt, Transglutaminase.",
day8,breakfast,Breakfast/Grill,Cage Free Hard Boiled Egg,72 (1 egg),Fresh Cage Free Medium Eggs,Eggs
day8,breakfast,Breakfast/Grill,English Muffin,120 (1 muffin),"Enriched Flour (Wheat Flour, Malted Barley Flour, Niacin, Reduced Iron, Thiamine Mononitrate, Riboflavin, folic Aicd), Water, Yeast, High Fructose Corn Syrup, Contains less than 2% of each of the following: Yellow Corn Meal, Soybean Oil, Caclium Propionate and/or Potassium Sorbate (preservative), Baking soda, Fumeric Acid, Salt, Calcium Sulfate, Ammonium Sulfate. ","Gluten, Soy, Wheat"
day8,breakfast,Breakfast/Grill,Bacon,115 (1 slice),"Pork, Water, Turbinado Sugar, Seasoning (Cultured Celery Juice Powder, Sea Salt)",
day8,breakfast,Breakfast/Grill,Home Fries,98 (3 oz),"Potatoes(Ingredients: Diced Potatoes, Dextrose, Potassium Sorbate, Disodium Pyrophosphate.), Onion, Spanish, Diced(Onions), Olive Oil, Kosher Salt, Spanish Paprika(Ingredients: Paprika, Silicon Dioxide.), Ground Black Pepper",
day8,breakfast,Breakfast/Grill,White American Cheese,47 (1 slice),"Cultured Pastuerized Milk and Skim Milk, Cream, Water, Salt, Sodium Citrate, Contains less than 2% of milk protein concentrate, milkfat, lactic acid, sorbic acid (preservative), sodium phosphate, enzymes, soy lecithin, and soybean oil blend","Dairy, Soy"
day8,breakfast,Breakfast/Grill,Avocado,45 (1 oz),avocado,
day8,breakfast,Breakfast/Grill,Tomato,3 (1 slice),tomato,
day8,breakfast,Breakfast/Grill,Maine Rolled Oats,202 (1 cup),"Water, Maine Rolled Oats(Ingredients: Locally Sourced Organic Rolled Oats.), Sea Salt",
day8,breakfast,Breakfast/Grill,Grits,21 (1 cup),"Degerminated White Corn Grits, Calcium Carbonate, Reduced Iron, Niacinamide, BHT, Citric Acid, Thiamin Mononitrate, Riboflavin, Folic Acid",
day8,breakfast,Breakfast/Grill,Quinoa,134 (1.2 cup),"Water, quinoa, sea salt",
day8,breakfast,Breakfast/Grill,Cantaloupe,39 (1/2 cup),Cantaloupe,
day8,breakfast,Breakfast/Grill,Blackberries,18 (1 ounce) ,blackberries,
day8,breakfast,Breakfast/Grill,Greek Yogurt,64 (1/2 cup),"Nonfat yogurt (cultured pasteurized nonfat milk). Contains Live and Active Cultures: S. Thermophilus, L. Bulgaricus, L. Acidophilus, Bifidus and L. Casei",dairy
day8,breakfast,Breakfast/Grill,Vanilla Yogurt,113 (1/2 cup),"Cultured Grade A Low Fat Milk, Sugar, Modified Corn Starch, Corn Starch, Potassium Sorbate, Natural Flavor, Vitamin A Acetate, Vitamin D3",dairy
day8,breakfast,Breakfast/Grill,Soy Yogurt,18 (1 ounce),"Soy Milk (Filtered Water, Soybeans), Cane Sugar, Corn Starch, Natural Flavor, Pectin, Tricalcium Phosphate, Citric Acid, Dipotassium Phosphate, Sea Salt, Live and Active Cultures, Vitamin D2, Vitamin C Ester, Mixed Tocopherols.",soy
day8,breakfast,Breakfast/Grill,Blueberry Vanilla Granola,203 (1/2 cup),"Organic oats, organic agave nectar, organic dried sweetened blueberries ( organic blueberries, organic high oleic sunflower oil, organic cane sugar), organic oat bran, organic vanilla and sea salt. Created in a facility that uses peanuts, tree nuts, wheat and soy",gluten
day8,breakfast,Pastry Selection,Blueberry Muffin,205 (1 muffin),"All Purpose Flour(WHEAT FLOUR, MALTED BARLEY FLOUR, NIACIN, IRON, THIAMIN MONONITRATE, RIBOFLAVIN, FOLIC ACID.), Water, Blueberries(Ingredients: Blueberries), Sugar, Canola Oil, Maine Rolled Oats(Ingredients: Locally Sourced Organic Rolled Oats.), Liquid Eggs(Whole eggs, citric acid, water), Baking Powder(Ingredients: Baking Soda (for leavening), Cornstarch, Sodium Aluminum Sulfate (for leavening), Calcium Sulfate, Monocalcium Phosphate (for leavening).), Baking Soda(Sodium Bicarbonate), Salt
","Eggs, gluten, wheat"
day8,breakfast,Pastry Selection,Vegan GF Blueberry Muffin,196 (1 muffin),"Gluten Free Flour(ingredients: Sweet White Rice Flour, Whole Grain Brown Rice Flour, Potato Starch, Whole Grain Sweet White Sorghum Flour, Tapioca Flour, Xanthan Gum), Hemp Milk(Ingredients: Hemp Nut Base (Filtered Water, Hemp Nut [Shelled Hemp Seed}, Vanilla Extract, Sunflower Lecithin, Tricalcium Phosphate, Gellan Gum, Sea Salt, Vitamin A Palmitate, Vitamin D2, Riboflavin, Vitamin B12)), Sugar, Canola Oil, Blueberries(Ingredients: Blueberries), Baking Powder(Ingredients: Baking Soda (for leavening), Cornstarch, Sodium Aluminum Sulfate (for leavening), Calcium Sulfate, Monocalcium Phosphate (for leavening).), Salt, Vanilla Paste(Ingredients: Pure Vanilla Extratives, Sugar, Vanilla Beans,Xanthan Gum)",
day9,breakfast,Breakfast/Grill,Cage Free Scrambled Eggs,105 (1/2 cup),Liquid Eggs,Eggs
day9,breakfast,Breakfast/Grill,Tempeh and Vegetable Scramble,160 (4 oz),"Tofu(Ingredients: Water, Organic Whole Soybeans, Magnesium Chloride.), Tempeh(Ingredients: Cultured Organic Soybeans, Lactic Acid, Water, Organic Brown Rice), Red Bell Pepper(Red Bell Pepper), Tomatoes(Tomatoes), Water, Scallions(Green Onion), Olive Oil, Spinach, Nutritional Yeast(Dried yeast, niacin, pyridoxine, hydrochloride (B6), riboflavin (B2), thiamin, hydrochloride (B1), folic acid, vitamin B12.), Ground Black Pepper, Tumeric",soy
day9,breakfast,Breakfast/Grill,Cage Free Hard Boiled Egg,72 (1 egg),Fresh Cage Free Medium Eggs,Eggs
day9,breakfast,Breakfast/Grill,French Toast,157 (1 slice),"French Toast Batter(Low Fat Milk(Ingredients: Grade A 1.5% Low Fat Jersey Milk, Vitamin A Added.), Liquid Eggs(Whole eggs, citric acid, water), Heavy Cream(Ingredients: Grade A Heavy Cream.), Sugar, All Purpose Flour(WHEAT FLOUR, MALTED BARLEY FLOUR, NIACIN, IRON, THIAMIN MONONITRATE, RIBOFLAVIN, FOLIC ACID.), Vanilla Syrup(Ingredients: Pure Cane Sugar, Water, Natural Flavor, Natural Vanilla Extracts.), Cinnamon, Kosher Salt, Nutmeg, Allspice), Peasant White Bread(Ingredients: Enriched Flour (Wheat Flour Unbleached, Malted Barley Flour, Niacin, Recuced Iron, Thiamine Mononitrate, Riboflavin, Folic Acid), Water, Yeast, Contains 2% Or Less Of The Following: Salt, Cultured Wheat Flour, Soybean Oil, Wheat Gluten, Soy Flour, Soy Lecthin, Corn Syrup Solids, Ascorbic Acid, Cultured Wheat Flour, Enzymes. Contains: Wheat Flour and Soy Flour. May Contain Trace Amounts of Sesame Seeds.)","Dairy, Eggs, Gluten, Soy, Wheat"
day9,breakfast,Breakfast/Grill,Grilled Kielbasa,150 (1 slice),"Kielbasa(Ingredients: Pork, Beef, Water, Salt, Dextrose, Flavoring, Sodium Phosphate, Garlic Powder, Nonfat Dry Milk, Sodium Phosphate, Sodium Nitrate.), Sliced Green Bell Peppers, Red Onion","Dairy, Pork"
day9,breakfast,Breakfast/Grill,Ovengold Turkey Steaks,90 (1 slice),"Ovengold Turkey Breast(Ingredients: DEXTROSE, SALT, HONEY SOLIDS (REFINERY SYRUP, HONEY), PAPRIKA, SPICES, ONION, NATURAL FLAVORS, EXTRACTIVES OF PAPRIKA AND TURMERIC, TURKEY BREAST, WATER, SALT, SUGAR, SODIUM PHOSPHATE, DEXTROSE)",
day9,breakfast,Breakfast/Grill,O'Brien Potatoes,121 (1/2 cup),"Ovengold Turkey Breast(Ingredients: DEXTROSE, SALT, HONEY SOLIDS (REFINERY SYRUP, HONEY), PAPRIKA, SPICES, ONION, NATURAL FLAVORS, EXTRACTIVES OF PAPRIKA AND TURMERIC, TURKEY BREAST, WATER, SALT, SUGAR, SODIUM PHOSPHATE, DEXTROSE)",
day9,breakfast,Breakfast/Grill,Maine Rolled Oats,202 (1 cup),"Water, Maine Rolled Oats(Ingredients: Locally Sourced Organic Rolled Oats.), Sea Salt",
day9,breakfast,Breakfast/Grill,Cheddar Grits,96 (3 oz),"Water, Grits(Ingredients: Degerminated White Corn Grits, Calcium Carbonate, Reduced Iron, Niacinamide, BHT, Citric Acid, Thiamin Mononitrate, Riboflavin, Folic Acid), White Cheddar Cheese, Heavy Cream(Ingredients: Grade A Heavy Cream.), Unsalted Butter(Ingredients: Cream), Kosher Salt",Dairy
day9,breakfast,Breakfast/Grill,Brown Rice,167 (1/2 cup),"Brown rice, water",
day9,breakfast,Breakfast/Grill,Pineapple,36 (1/2 cup),pineapple,
day9,breakfast,Breakfast/Grill,Blueberries,36 (1/2 cup),blueberries,
day9,breakfast,Breakfast/Grill,Greek Yogurt,64 (1/2 cup),"Nonfat yogurt (cultured pasteurized nonfat milk). Contains Live and Active Cultures: S. Thermophilus, L. Bulgaricus, L. Acidophilus, Bifidus and L. Casei",dairy
day9,breakfast,Pastry Selection,Vanilla Yogurt,113 (1/2 cup),"Cultured Grade A Low Fat Milk, Sugar, Modified Corn Starch, Corn Starch, Potassium Sorbate, Natural Flavor, Vitamin A Acetate, Vitamin D3",dairy
day9,breakfast,Pastry Selection,Soy Yogurt,18 (1 ounce),"Soy Milk (Filtered Water, Soybeans), Cane Sugar, Corn Starch, Natural Flavor, Pectin, Tricalcium Phosphate, Citric Acid, Dipotassium Phosphate, Sea Salt, Live and Active Cultures, Vitamin D2, Vitamin C Ester, Mixed Tocopherols.",soy
day9,breakfast,Breakfast/Grill,Gluten Free Honey Oat Granola,250 (1/2 cup),"Organic Gluten Free Whole Grain Rolled Oats, Organic Honey, Organic Expeller Pressed Canola Oil, Salt, Organic Vanilla.",
day9,breakfast,Breakfast/Grill,Coconut and Fruit Granola,119 (1 ounce),"gluten free oats, coconut syrup, raisins (raisins, high oleic sunflower oil), sunflower seeds, unsweetened dried coconut, dried cranberries (cranberries, apple juice concentrate, sunflower oil), high oleic sunflower oil, maple syrup, coriander, vanilla, sea salt",coconut
day9,breakfast,Breakfast/Grill,Chocolate Muffin,236 (1 muffin),"All Purpose Flour(WHEAT FLOUR, MALTED BARLEY FLOUR, NIACIN, IRON, THIAMIN MONONITRATE, RIBOFLAVIN, FOLIC ACID.), Water, Chocolate Chips(Semi-Sweet Chocolate (Sugar, Chocolate, Cocoa Butter, Milk Fat, Soy Lecithin, Vanillin, Artificial Flavor, Milk)), Sugar, Canola Oil, Maine Rolled Oats(Ingredients: Locally Sourced Organic Rolled Oats.), Liquid Eggs(Whole eggs, citric acid, water), Cocoa Powder, Baking Powder(Ingredients: Baking Soda (for leavening), Cornstarch, Sodium Aluminum Sulfate (for leavening), Calcium Sulfate, Monocalcium Phosphate (for leavening).), Baking Soda(Sodium Bicarbonate), Salt","Dairy, Eggs, Gluten, Soy, Wheat"
day9,breakfast,Breakfast/Grill,Vegan GF Double Chocolate Muffin,230 (1 muffin),"Gluten Free Flour(ingredients: Sweet White Rice Flour, Whole Grain Brown Rice Flour, Potato Starch, Whole Grain Sweet White Sorghum Flour, Tapioca Flour, Xanthan Gum), Hemp Milk(Ingredients: Hemp Nut Base (Filtered Water, Hemp Nut [Shelled Hemp Seed}, Vanilla Extract, Sunflower Lecithin, Tricalcium Phosphate, Gellan Gum, Sea Salt, Vitamin A Palmitate, Vitamin D2, Riboflavin, Vitamin B12)), Sugar, Canola Oil, Semi-Sweet Chocolate Chips Vegan(Ingredients: Chocolate Liquor, Cocoa Butter, Soy Lecithin, Vanillia), Baking Powder(Ingredients: Baking Soda (for leavening), Cornstarch, Sodium Aluminum Sulfate (for leavening), Calcium Sulfate, Monocalcium Phosphate (for leavening).), Cocoa(Cocoa), Salt, Vanilla Paste(Ingredients: Pure Vanilla Extratives, Sugar, Vanilla Beans,Xanthan Gum)",Soy
day10,breakfast,Breakfast/Grill,Cage Free Scrambled Eggs,105 (1/2 cup),Liquid Eggs,Eggs
day10,breakfast,Breakfast/Grill,Tofu Scramble with Artichoke & Mushroom,,"Tofu(Ingredients: Water, Organic Whole Soybeans, Magnesium Chloride.), Mushroom, Cremini, Quartered(Cremini Mushrooms), Onion, Spanish, Diced(Onions), Artichoke Hearts(Ingredients: Quartered Artichoke Hearts, Water, Salt, Citric Acid.), Nutritional Yeast(Dried yeast, niacin, pyridoxine, hydrochloride (B6), riboflavin (B2), thiamin, hydrochloride (B1), folic acid, vitamin B12.), Ground Black Pepper",soy
day10,breakfast,Breakfast/Grill,Cage Free Hard Boiled Egg,,,
day10,breakfast,Breakfast/Grill,Apple Cinnamon Pancakes,,"Pancake Mix(INGREDIENTS: ENRICHED BLEACHED FLOUR (BLEACHED WHEAT FLOUR, NIACIN, REDUCED IRON, THIAMIN MONONITRATE, RIBOFLAVIN, FOLIC ACID), SUGAR, LEAVENING (SODIUM BICARBONATE, SODIUM ALUMINUM PHOSPHATE, MONOCALCIUM PHOSPHATE), DEXTROSE, DRIED BUTTERMILK, PARTIALLY HYDROGENATED SOYBEAN OIL, SALT, WHEAT GLUTEN, DEFATTED SOY FLOUR, CALCIUM CARBONATE, CORN SYRUP SOLIDS, NONFAT DRY MILK, SOY LECITHIN, SODIUM CASEINATE, MONO AND DIGLYCERIDES, SOYBEAN OIL, LACTIC ACID. CONTAINS WHEAT, MILK AND SOY INGREDIENTS. MAY CONTAIN TRACES OF EGG.), Local Apple Cider, Apple(Ingredients: Apples (Treated with Ascorbic Acid, Citric Acid, Salt).), Sugar, Cinnamon","Dairy, Eggs, Gluten, Soy, Wheat"
day10,breakfast,Breakfast/Grill,Canadian Bacon,,"Water, salt, dextrose, sodium phosphates, sodium erythorbate, sodium nitrate",Pork
day10,breakfast,Breakfast/Grill,Chicken Sausage Patty,80 (1 patty),"Chicken, Water, Salt, Spices, Dextrose, Sugar, Dried Parsley",
day10,breakfast,Breakfast/Grill,Santa Fe Potatoes ,,"Potatoes(Ingredients: Diced Potatoes, Dextrose, Potassium Sorbate, Disodium Pyrophosphate.), Green Chili Peppers(Green Chile Peppers, Water, Salt, Citric Acid, Calcium Chloride.), Tomatoes(Tomatoes), Onions(Onions), Olive Oil, Kosher Salt, Parsley, Chopped(Fresh Italian Parsley), Ground Black Pepper",
day10,breakfast,Breakfast/Grill,Maine Rolled Oats,,,
day10,breakfast,Breakfast/Grill,Hoop Cheddar Grits,,"Mirepoix Stock(Water, Mirepoix Base(Ingredients: Sauteed Pureed Carrots, Celery and Onions (with canola oil), Salt, Sugar, Hydrolyzed Corn Protein, Onion Powder, Autolyzed Yeast Extract, Food Starch-Modified, Carrot Powder, Turmeric, Spice Extractives, Citric Acid)), Heavy Cream(Ingredients: Grade A Heavy Cream.), Grits(Ingredients: Degerminated White Corn Grits, Calcium Carbonate, Reduced Iron, Niacinamide, BHT, Citric Acid, Thiamin Mononitrate, Riboflavin, Folic Acid), White Cheddar Cheese, Unsalted Butter(Ingredients: Cream), Sea Salt",
day10,breakfast,Breakfast/Grill,white rice,107 (1/2 cup),"Water, Jasmine Rice",
day10,breakfast,Breakfast/Grill,Red Grapes,,,
day10,breakfast,Breakfast/Grill,Mandarin Organges,,,
day10,breakfast,Breakfast/Grill,Greek Yogurt,,,
day10,breakfast,Pastry Selection,Vanilla Yogurt,,,
day10,breakfast,Pastry Selection,Soy Yogurt,,,
day10,breakfast,Breakfast/Grill,Coconut and Fruit Granola,119 (1 ounce),"gluten free oats, coconut syrup, raisins (raisins, high oleic sunflower oil), sunflower seeds, unsweetened dried coconut, dried cranberries (cranberries, apple juice concentrate, sunflower oil), high oleic sunflower oil, maple syrup, coriander, vanilla, sea salt",coconut
day10,breakfast,Pastry Selection,Cinnamon Chocolate Chip Coffee Cake,306 (slice),"Sugar, All Purpose Flour(WHEAT FLOUR, MALTED BARLEY FLOUR, NIACIN, IRON, THIAMIN MONONITRATE, RIBOFLAVIN, FOLIC ACID.), Sour Cream(Cultured Pasteurized Light Cream, Modified Corn Starch, Nonfat Milk, Disodium Phospahate, Guar Gum, Sodium Citrate, Carrageenan and Locust Bean Gum), Butter(Ingredients: Cream, Salt), Semi-Sweet Chocolate Chips(Semi-Sweet Chocolate (Sugar, Chocolate, Cocoa Butter, Milk Fat, Soy Lecithin, Vanillin, Artificial Flavor, Milk)), Fresh Cage Free Medium Eggs, Baking Powder(Ingredients: Baking Soda (for leavening), Cornstarch, Sodium Aluminum Sulfate (for leavening), Calcium Sulfate, Monocalcium Phosphate (for leavening).), Vanilla Paste(Ingredients: Pure Vanilla Extratives, Sugar, Vanilla Beans,Xanthan Gum), Cinnamon, Salt","dairy, Eggs, Gluten, Soy, Wheat"
day10,breakfast,Pastry Selection,Vegan GF Cinnamon Chocolate Chip Muffin,227 (1 slice),"Gluten Free Flour(ingredients: Sweet White Rice Flour, Whole Grain Brown Rice Flour, Potato Starch, Whole Grain Sweet White Sorghum Flour, Tapioca Flour, Xanthan Gum), Hemp Milk(Ingredients: Hemp Nut Base (Filtered Water, Hemp Nut [Shelled Hemp Seed}, Vanilla Extract, Sunflower Lecithin, Tricalcium Phosphate, Gellan Gum, Sea Salt, Vitamin A Palmitate, Vitamin D2, Riboflavin, Vitamin B12)), Sugar, Canola Oil, Semi-Sweet Chocolate Chips Vegan(Ingredients: Chocolate Liquor, Cocoa Butter, Soy Lecithin, Vanillia), Baking Powder(Ingredients: Baking Soda (for leavening), Cornstarch, Sodium Aluminum Sulfate (for leavening), Calcium Sulfate, Monocalcium Phosphate (for leavening).), Salt, Cinnamon, Vanilla Paste(Ingredients: Pure Vanilla Extratives, Sugar, Vanilla Beans,Xanthan Gum)",soy
day11,breakfast,Breakfast/Grill,Cage Free Scrambled Eggs,,,
day11,breakfast,Breakfast/Grill,Berkshire Scramble,,"Tofu(Ingredients: Water, Organic Whole Soybeans, Magnesium Chloride.), Portabella Mushrooms, Caramelized Onions(Spanish Onion(Onions), Canola Oil, Kosher Salt), Nutritional Yeast(Dried yeast, niacin, pyridoxine, hydrochloride (B6), riboflavin (B2), thiamin, hydrochloride (B1), folic acid, vitamin B12.), Spinach, Garlic, Minced(Garlic), Olive Oil, Ground Black Pepper, Thyme, Chopped(Thyme), Kosher Salt",soy
day11,breakfast,Breakfast/Grill,Cage Free Hard Boiled Egg,,,
day11,breakfast,Breakfast/Grill,Bananas Foster French Toast,,"FT Creme Brule Royale Bananas Foster(Banana Foster(Banana, Unsalted Butter(Ingredients: Cream), Rum, Light Brown Sugar(Ingredients: Brown Sugar), Grand Marnier Liquere, Fresh Lemon Juice, Cinnamon, Nutmeg, Orange Zest(Orange Peel, sugar, water, natural orange flavor (wonf), citric acid, beta carotene, potassium sulphate. May contain sulphites.)), Low Fat Milk(Ingredients: Grade A 1.5% Low Fat Jersey Milk, Vitamin A Added.), Liquid Eggs(Whole eggs, citric acid, water), Heavy Cream(Ingredients: Grade A Heavy Cream.), Sugar, Cinnamon, Vanilla Paste(Ingredients: Pure Vanilla Extratives, Sugar, Vanilla Beans,Xanthan Gum), Kosher Salt), French Bread(Ingredients: Unbleached, Unbromated Enriched Wheat Flout ( Malted Barley Flour, Niacin, Reduced Iron, Thiamine Mononitrate, Riboflavin, Folic Acid), Water, Yeast, Sugar, Contains 2% or Less of The Following: Salt, Soybean Oil, Soy Flour, Calcium Propionate, Datem, Ascorbic Acid, Enzymes.), Unsalted Butter(Ingredients: Cream)","Alcohol, Dairy, Eggs, Gluten, Soy, Wheat"
day11,breakfast,Breakfast/Grill,Chorizo Sausage with Onions and Peppers,,"Chorizo Sausage(Ingredients: Pork, Vinegar, Salt, Paprika, Chili Pepper, Garlic Spices, Citric Acid, Natural Flavor, and Natural Hog Casing.), Sliced Green Bell Peppers, Red Onion",pork
day11,breakfast,Breakfast/Grill,Pan Fried Potatoes,,"Potatoes(Ingredients: Sliced Potatoes, Dextrose, Potassium Sorbate, Disodium Pyrophosphate.), Onion, Canola Oil, Kosher Salt, Ground Black Pepper",
day11,breakfast,Breakfast/Grill,Maine Rolled Oats,,,
day11,breakfast,Breakfast/Grill,Cinnamon Apple Grits,,"Water, Local Apple Cider, Grits(Ingredients: Degerminated White Corn Grits, Calcium Carbonate, Reduced Iron, Niacinamide, BHT, Citric Acid, Thiamin Mononitrate, Riboflavin, Folic Acid), Apple(Ingredients: Apples (Treated with Ascorbic Acid, Citric Acid, Salt).), Cinnamon",
day11,breakfast,Breakfast/Grill,Quinoa,134 (1.2 cup),"Water, quinoa, sea salt",
day11,breakfast,Breakfast/Grill,Honeydew Melon,,,
day11,breakfast,Breakfast/Grill,Strawberries,,,
day11,breakfast,Breakfast/Grill,Greek Yogurt,,,
day11,breakfast,Breakfast/Grill,Vanilla Yogurt,,,
day11,breakfast,Pastry Selection,Soy Yogurt,,,
day11,breakfast,Breakfast/Grill,Cranberry Chew Low-Fat Granola,,"Organic Oats, Organic Honey, Organic Wheat Flakes, Organic Cranberries (Organic Cranberries, Organic Sunflower Oil, Organic Cane Sugar), Organic Apple Juice, Organic Rye Flakes, Organic Triticale, Organic Unsulphured Apples, Organic Orange Extract, Organic Vanilla, Organic Coriander, and Sea Salt.
Contains:Gluten, Wheat",
day11,breakfast,Breakfast/Grill,Cinnamon Roll with Icing,,"ENRICHED FLOUR (WHEAT FLOUR, MALTED BARLEY FLOUR, NIACIN, IRON, THIAMIN MONONITRATE, RIBOFLAVIN, FOLIC ACID), WATER, SUGAR, PALM AND SOYBEAN OIL, HIGH FRUCTOSE CORN SYRUP, YEAST, CINNAMON, MONO AND DIGLYCERIDES, DRIED WHOLE EGGS (CONTAIN SODIUM SILICOALUMINATE), SODIUM CASEINATE, MODIFIED CORN STARCH, ACETYLATED TARTARIC ACID ESTERS OF MONO- AND DIGLYCERIDES (DATEM), SALT, GLUCONO DELTA-LACTONE, BAKING SODA, SODIUM ACID PYROPHOSPHATE, BLACKSTRAP MOLASSES, CORN STARCH, PARTIALLY HYDROGENATED COTTONSEED AND/OR SOYBEAN OIL+,PROPIONIC ACID (PRESERVATIVE), ARTIFICIAL FLAVOR, WHEAT STARCH, ASCORBIC ACID, AZODICARBONAMIDE.","Dairy, Eggs, Gluten, Soy, Wheat"
day11,breakfast,Pastry Selection,Vegan GF Cinnamon Streusel Muffin,,"Gluten Free Flour(ingredients: Sweet White Rice Flour, Whole Grain Brown Rice Flour, Potato Starch, Whole Grain Sweet White Sorghum Flour, Tapioca Flour, Xanthan Gum), Hemp Milk(Ingredients: Hemp Nut Base (Filtered Water, Hemp Nut [Shelled Hemp Seed}, Vanilla Extract, Sunflower Lecithin, Tricalcium Phosphate, Gellan Gum, Sea Salt, Vitamin A Palmitate, Vitamin D2, Riboflavin, Vitamin B12)), Sugar, Canola Oil, Vegan Gluten Free Streusel Topping(Gluten Free Flour(ingredients: Sweet White Rice Flour, Whole Grain Brown Rice Flour, Potato Starch, Whole Grain Sweet White Sorghum Flour, Tapioca Flour, Xanthan Gum), Earth Balance Soy & Dairy Free Spread(Natural oil blend (palm, fruit, canola, sunflower and olive), filtered water, salt, natural flavor (plant derived from corn, no MSG, no alcohol, no gluten) pea protein, sunflower lecithin, lactic acid (non-dairy, derived from sugar beets) and naturally extracted annatto for color.), Sugar), Baking Powder(Ingredients: Baking Soda (for leavening), Cornstarch, Sodium Aluminum Sulfate (for leavening), Calcium Sulfate, Monocalcium Phosphate (for leavening).), Salt, Cinnamon, Vanilla Paste(Ingredients: Pure Vanilla Extratives, Sugar, Vanilla Beans,Xanthan Gum)",
day12,breakfast,Breakfast/Grill,Cage Free Scrambled Eggs,,,
day12,breakfast,Breakfast/Grill,Chile Lime Tofue Scramble,,"Tofu(Ingredients: Water, Organic Whole Soybeans, Magnesium Chloride.), Onions, Fresh Lime Juice, Olive Oil, Garlic, Chile Lime Powder, Kosher Salt, Cilantro",soy
day12,breakfast,Breakfast/Grill,Rosemary Focaccia Strata,,"Liquid Eggs(Whole eggs, citric acid, water), Rosemary Focaccia(Ingredients: Unbleached Unbromated Enriched Flour (Wheat Flour, Malted Barley Flourm Iron, Niacin, Riboflavin, Thiamine, Folic Acid), Water, Sugar, Salt, Soybean Oil, Rosemary, Yeast, Extra Virgin Olive Oil, Spice Mix (Grated Parmesan Cheese, Italian Seasoning, Garlic Granules and Focaccia Seasoning).), Whole Milk, Onions, Shredded Parmesan Cheese, Red Bell Pepper, Dijon Mustard(Ingredients: Distilled vinegar, water, mustard seed, salt, chardonnay wine, citric acid, tartaric acid, spices and tumeric.), Fresh Rosemary, Canola Oil Pan Spray, Kosher Salt, Ground Black Pepper","Alcohol, Dairy, Eggs, Gluten, Soy, Wheat"
day12,breakfast,Breakfast/Grill,Cinnamon Swirl French Toast,,"French Toast Batter(Low Fat Milk(Ingredients: Grade A 1.5% Low Fat Jersey Milk, Vitamin A Added.), Liquid Eggs(Whole eggs, citric acid, water), Heavy Cream(Ingredients: Grade A Heavy Cream.), Sugar, All Purpose Flour(WHEAT FLOUR, MALTED BARLEY FLOUR, NIACIN, IRON, THIAMIN MONONITRATE, RIBOFLAVIN, FOLIC ACID.), Vanilla Syrup(Ingredients: Pure Cane Sugar, Water, Natural Flavor, Natural Vanilla Extracts.), Cinnamon, Kosher Salt, Nutmeg, Allspice), Cinnamon Swirl Bread(ENRICHED FLOUR [WHEAT FLOUR, MALTED BARLEY FLOUR, NIACIN, REDUCED IRON, THIAMIN MONONITRATE (VITAMIN B1), RIBOFLAVIN (VITAMIN B2), FOLIC ACID], WATER, RAISINS, YEAST, HIGH FRUCTOSE CORN SYRUP, SUGAR, CONTAINS 2% OR LESS OF THE FOLLOWING: SOYBEAN OIL, SALT, CINNAMON, MONO AND- DIGLYCERIDES, SODIUM STEAROYL LACTYLATE, DATEM, CALCIUM SULFATE, POTASSIUM BROMATE, ETHOXYLATED MONO-AND DIGLYCERIDES, AMMONIUM SULFATE, CALCIUM CARBONATE, POLYSORBATE 60, ASCORBIC ACID (DOUGH CONDITIONER), L-CYSTEINE, SOY LECITHIN , ENZYMES, AZODICARBONAMIDE, PRESERVATIVES (SODIUM PROPIONATE, CALCIUM PROPIONATE), PHOSPHORIC ACID.)","Dairy, Eggs, Gluten, Soy, Wheat"
day12,breakfast,Breakfast/Grill,Turkey Bacon,," Turkey thighs, water, contains 2% or less sea salt, turbinado sugar, celery powder, onion powder, paprika.",
day12,breakfast,Breakfast/Grill,Pork Breakfast Sausage Link,,"Pork, Water, Salt, Spices, Dextrose, Sugar.",pork
day12,breakfast,Breakfast/Grill,Herbed Breakfast Potatoes,,"red Potatoes(Ingredients: Red Potatoes, Disodium Pyrophosphate, Potassium Sorbate.), Olive Oil, Rosemary, Chopped(Fresh Rosemary), Kosher Salt, Ground Black Pepper",
day12,breakfast,Breakfast/Grill,Maine Rolled Oats,,,
day12,breakfast,Breakfast/Grill,Cinnamon Grits,,"Water, Grits(Ingredients: Degerminated White Corn Grits, Calcium Carbonate, Reduced Iron, Niacinamide, BHT, Citric Acid, Thiamin Mononitrate, Riboflavin, Folic Acid), Cinnamon",
day12,breakfast,Breakfast/Grill,Brown Rice,,,
day12,breakfast,Pastry Selection,Blueberry Scones,,"Enriched Wheat Flour (Wheat, Barley, Niacin, Reduced Iron, Thiamine Mononitrate, Riboflavin, Folic Acid), Cream, Eggs, Butter, Blueberries, Sugar, Dried Blueberries (Wild Blueberries, Sugar, Sunflower Oil), Baking Powder (Corn Starch, Sodium Aluminum Phosphate, Baking Soda, Monocalcium Phosphate), Salt.","Dairy, Eggs, Gluten, Wheat"
day12,breakfast,Pastry Selection,Multigrain Croissant,,"UNBLEACHED ENRICHED WHEAT FLOUR (WHEAT FLOUR, MALTED BARLEY FLOUR, NIACIN, REDUCED IRON, THIAMINE MONONITRATE, RIBOFLAVIN, FOUC ACID), BUTTER, WATER, GRAINS BLEND (RYE MEAL, SUNFLOWER SEEDS, CORN GRITS, RYE FLOUR, CRACKED WHEAT, BARLEY FLAKES, ROWED OATS, FLAXSEEDS, MILLET, WHEAT BRAN, RYE MALT, MALTED BARLEY FLOUR, TRITICALE FLOUR, RICE FLOUR, CRACKED BUCKWHEA T, SPICES), PARTIALL Y SKIMMED MILK, SUGAR, YEAST, UQUID WHOLE EGGS, DOUGH CONDITIONER (WHEAT GLUTEN , GUAR GUM, SODIUM STEAROYLLACTYLATE DATEM, WHEAT FLOUR, CELLULOSE GUM, SOYBEAN OIL, ASCORBIC ACID, L-CYSTEINE, ENZYMES), SALT. 6 GRAIN TOPPING: ROLLED OATS, FLAXSEEDS, CRACKED'MiEAT, RYE FLAKES, OATS, MILLET, SESAME SEEDS, BARLEY FLAKES","Dairy, Eggs, Gluten, Soy, Tree Nuts, Wheat"
day12,breakfast,Pastry Selection,Vegan GF Blueberry Muffin,107 (1 muffin),"Gluten Free Flour(ingredients: Sweet White Rice Flour, Whole Grain Brown Rice Flour, Potato Starch, Whole Grain Sweet White Sorghum Flour, Tapioca Flour, Xanthan Gum), Hemp Milk(Ingredients: Hemp Nut Base (Filtered Water, Hemp Nut [Shelled Hemp Seed}, Vanilla Extract, Sunflower Lecithin, Tricalcium Phosphate, Gellan Gum, Sea Salt, Vitamin A Palmitate, Vitamin D2, Riboflavin, Vitamin B12)), Sugar, Canola Oil, Pineapple, Baking Powder(Ingredients: Baking Soda (for leavening), Cornstarch, Sodium Aluminum Sulfate (for leavening), Calcium Sulfate, Monocalcium Phosphate (for leavening).), Salt, Vanilla Paste(Ingredients: Pure Vanilla Extratives, Sugar, Vanilla Beans,Xanthan Gum)",